<?xml version='1.0' encoding='UTF-8' standalone='no'?>
<doxygen xmlns:xsi="http://www.w3.org/2001/XMLSchema-instance" xsi:noNamespaceSchemaLocation="compound.xsd" version="1.8.14">
  <compounddef id="structftdi__context" kind="struct" language="C++" prot="public">
    <compoundname>ftdi_context</compoundname>
    <includes refid="ftdi_8h" local="no">ftdi.h</includes>
      <sectiondef kind="public-attrib">
      <memberdef kind="variable" id="structftdi__context_1a05bd064e6608ee91b641eff379455e9f" prot="public" static="no" mutable="no">
        <type>struct libusb_context *</type>
        <definition>struct libusb_context* ftdi_context::usb_ctx</definition>
        <argsstring></argsstring>
        <name>usb_ctx</name>
        <briefdescription>
        </briefdescription>
        <detaileddescription>
<para>libusb&apos;s context </para>        </detaileddescription>
        <inbodydescription>
        </inbodydescription>
        <location file="C:/work/libftdi/libftdi/src/ftdi.h" line="226" column="1" bodyfile="C:/work/libftdi/libftdi/src/ftdi.h" bodystart="226" bodyend="-1"/>
        <referencedby refid="group__libftdi_1ga21e2ed53cad4fa8242022afe1e12d2ee" compoundref="ftdi_8c" startline="88" endline="122">ftdi_init</referencedby>
        <referencedby refid="group__libftdi_1gaccb36ed9571b5a1955479d50b2e1d91e" compoundref="ftdi_8c" startline="1838" endline="1860">ftdi_transfer_data_cancel</referencedby>
        <referencedby refid="group__libftdi_1gaf580b6263d15746d1f5d3759f9c3ac02" compoundref="ftdi_8c" startline="1791" endline="1827">ftdi_transfer_data_done</referencedby>
        <referencedby refid="group__libftdi_1ga2845a0c63809747c9c7b1ea404453bc4" compoundref="ftdi_8c" startline="311" endline="352">ftdi_usb_find_all</referencedby>
        <referencedby refid="group__libftdi_1gaac0c0e390c351db64bd42a86cb9d8d31" compoundref="ftdi_8c" startline="854" endline="879">ftdi_usb_open_bus_addr</referencedby>
        <referencedby refid="group__libftdi_1ga3c5ccb0678b0e268b4081ea978e8eb78" compoundref="ftdi_8c" startline="761" endline="831">ftdi_usb_open_desc_index</referencedby>
        <referencedby refid="group__libftdi_1gaae805b82251a61dae46b98345cd84d5c" compoundref="ftdi_8c" startline="907" endline="989">ftdi_usb_open_string</referencedby>
      </memberdef>
      <memberdef kind="variable" id="structftdi__context_1a1ea9e9fd3211a568779022befc0b3af8" prot="public" static="no" mutable="no">
        <type>struct libusb_device_handle *</type>
        <definition>struct libusb_device_handle* ftdi_context::usb_dev</definition>
        <argsstring></argsstring>
        <name>usb_dev</name>
        <briefdescription>
        </briefdescription>
        <detaileddescription>
<para>libusb&apos;s usb_dev_handle </para>        </detaileddescription>
        <inbodydescription>
        </inbodydescription>
        <location file="C:/work/libftdi/libftdi/src/ftdi.h" line="228" column="1" bodyfile="C:/work/libftdi/libftdi/src/ftdi.h" bodystart="228" bodyend="-1"/>
        <referencedby refid="group__libftdi_1ga42b4776b91c6b14d2d1008b160b78efa" compoundref="ftdi_8c" startline="2124" endline="2134">ftdi_disable_bitbang</referencedby>
        <referencedby refid="group__libftdi_1ga0b04717765deb6706482a3f3124c0b4a" compoundref="ftdi_8c" startline="2486" endline="2632">ftdi_eeprom_initdefaults</referencedby>
        <referencedby refid="group__libftdi_1ga9a8f94ad689a47dc3aa24c564d7731d3" compoundref="ftdi_8c" startline="2634" endline="2680">ftdi_eeprom_set_strings</referencedby>
        <referencedby refid="group__libftdi_1ga25eb9a83a925065b6c3b61b8f0565951" compoundref="ftdi_8c" startline="4566" endline="4619">ftdi_erase_eeprom</referencedby>
        <referencedby refid="group__libftdi_1gacf7b6dcc4de33db2263ce8a421e18bfc" compoundref="ftdi_8c" startline="2200" endline="2212">ftdi_get_latency_timer</referencedby>
        <referencedby refid="group__libftdi_1ga21e2ed53cad4fa8242022afe1e12d2ee" compoundref="ftdi_8c" startline="88" endline="122">ftdi_init</referencedby>
        <referencedby refid="group__libftdi_1ga396c3bf1435fb3317755868e28c47414" compoundref="ftdi_8c" startline="2254" endline="2267">ftdi_poll_modem_status</referencedby>
        <referencedby refid="group__libftdi_1gab978a76c2cc0dbfbc1fd6350db848300" compoundref="ftdi_8c" startline="4417" endline="4439">ftdi_read_chipid</referencedby>
        <referencedby refid="group__libftdi_1ga72d87e30015c98bd0be22e7c8c873345" compoundref="ftdi_8c" startline="1914" endline="2026">ftdi_read_data</referencedby>
        <referencedby refid="group__libftdi_1gab4dd69a3332c544dfdcbf4da85bd8801" compoundref="ftdi_8c" startline="1712" endline="1778">ftdi_read_data_submit</referencedby>
        <referencedby refid="group__libftdi_1gac157786fdf2e9c6b51dd9b4ddbb34d5f" compoundref="ftdi_8c" startline="4358" endline="4388">ftdi_read_eeprom</referencedby>
        <referencedby refid="group__libftdi_1ga650df1dc49ec78f0ee58b1c4f2644fd9" compoundref="ftdi_8c" startline="4334" endline="4347">ftdi_read_eeprom_location</referencedby>
        <referencedby refid="group__libftdi_1gab823dd90f2359612b1546ef0ceebdc0e" compoundref="ftdi_8c" startline="2147" endline="2156">ftdi_read_pins</referencedby>
        <referencedby refid="ftdi__stream_8c_1abffdbbc8e303b2e4e85551734682a0b4" compoundref="ftdi__stream_8c" startline="150" endline="301">ftdi_readstream</referencedby>
        <referencedby refid="group__libftdi_1gae80f1dc38f5c80946a56ec34a329e7f5" compoundref="ftdi_8c" startline="1355" endline="1386">ftdi_set_baudrate</referencedby>
        <referencedby refid="group__libftdi_1ga83b41e900a1faf2ecc0546ce48ec7e70" compoundref="ftdi_8c" startline="2098" endline="2113">ftdi_set_bitmode</referencedby>
        <referencedby refid="group__libftdi_1gaeb9510a61f6648eb1bd57f0f99a390e1" compoundref="ftdi_8c" startline="2456" endline="2472">ftdi_set_error_char</referencedby>
        <referencedby refid="group__libftdi_1ga71eeabe2ee5474d5c0ceddc2e08766cd" compoundref="ftdi_8c" startline="2427" endline="2443">ftdi_set_event_char</referencedby>
        <referencedby refid="group__libftdi_1ga6dc886d709eced377a33dc975fa6e771" compoundref="ftdi_8c" startline="158" endline="204">ftdi_set_interface</referencedby>
        <referencedby refid="group__libftdi_1ga3e0227b0c7aa859d2d2afb5ffa4c8466" compoundref="ftdi_8c" startline="2173" endline="2188">ftdi_set_latency_timer</referencedby>
        <referencedby refid="group__libftdi_1ga481d055a35dd9042c1c23e2214d2655c" compoundref="ftdi_8c" startline="1420" endline="1477">ftdi_set_line_property2</referencedby>
        <referencedby refid="group__libftdi_1ga1eb46e0bb208b64f88169b5452cf6e94" compoundref="ftdi_8c" startline="269" endline="275">ftdi_set_usbdev</referencedby>
        <referencedby refid="group__libftdi_1ga47761f16762363288c55f5fff24620d5" compoundref="ftdi_8c" startline="2330" endline="2348">ftdi_setdtr</referencedby>
        <referencedby refid="group__libftdi_1ga5a8f23c2e77c8b58c1f44a11e2f52aa9" compoundref="ftdi_8c" startline="2391" endline="2414">ftdi_setdtr_rts</referencedby>
        <referencedby refid="group__libftdi_1gac3b3d2cc69edf567e653340f434c91e0" compoundref="ftdi_8c" startline="2282" endline="2293">ftdi_setflowctrl</referencedby>
        <referencedby refid="group__libftdi_1gadb73a6a59c454502fb98a1239814bfb2" compoundref="ftdi_8c" startline="2306" endline="2318">ftdi_setflowctrl_xonxoff</referencedby>
        <referencedby refid="group__libftdi_1ga5713ba73288b3e1ac1d45096c917c1ab" compoundref="ftdi_8c" startline="2360" endline="2378">ftdi_setrts</referencedby>
        <referencedby refid="group__libftdi_1ga9536eff48c7ae9313b2a97320743ee3b" compoundref="ftdi_8c" startline="1104" endline="1118">ftdi_usb_close</referencedby>
        <referencedby refid="group__libftdi_1ga17e8eae09e58bd3bfeeab8decfce7fd9" compoundref="ftdi_8c" startline="410" endline="439">ftdi_usb_get_strings</referencedby>
        <referencedby refid="group__libftdi_1gad2de9ec013131d1a49038cb3c28c6415" compoundref="ftdi_8c" startline="467" endline="516">ftdi_usb_get_strings2</referencedby>
        <referencedby refid="group__libftdi_1ga3c5ccb0678b0e268b4081ea978e8eb78" compoundref="ftdi_8c" startline="761" endline="831">ftdi_usb_open_desc_index</referencedby>
        <referencedby refid="group__libftdi_1ga07d90df83e677ad08fe551de17fd7a41" compoundref="ftdi_8c" startline="586" endline="693">ftdi_usb_open_dev</referencedby>
        <referencedby refid="group__libftdi_1ga3089d7ceafad896c007111b8e5c02906" compoundref="ftdi_8c" startline="1075" endline="1091">ftdi_usb_purge_buffers</referencedby>
        <referencedby refid="group__libftdi_1ga25a6d4766e30bd47602ed0c0ecf53476" compoundref="ftdi_8c" startline="1026" endline="1041">ftdi_usb_purge_rx_buffer</referencedby>
        <referencedby refid="group__libftdi_1ga1eab1dfd17068c46775a86496fee8bec" compoundref="ftdi_8c" startline="1052" endline="1063">ftdi_usb_purge_tx_buffer</referencedby>
        <referencedby refid="group__libftdi_1ga266ccc351ea31289022063a8ae29edf4" compoundref="ftdi_8c" startline="1000" endline="1015">ftdi_usb_reset</referencedby>
        <referencedby refid="group__libftdi_1ga01199788c36ba93352f155a79ea295e8" compoundref="ftdi_8c" startline="1490" endline="1512">ftdi_write_data</referencedby>
        <referencedby refid="group__libftdi_1ga90c2133a195fc7ebf229205c2755fc67" compoundref="ftdi_8c" startline="1650" endline="1696">ftdi_write_data_submit</referencedby>
        <referencedby refid="group__libftdi_1ga8cc9811660d1adfb4b30157c5ab26d5a" compoundref="ftdi_8c" startline="4511" endline="4549">ftdi_write_eeprom</referencedby>
        <referencedby refid="group__libftdi_1ga5f2f678fc05cb8f92708fb1e5eb75100" compoundref="ftdi_8c" startline="4455" endline="4499">ftdi_write_eeprom_location</referencedby>
      </memberdef>
      <memberdef kind="variable" id="structftdi__context_1afa159483bb1153259ee7ceb3b45a2c9f" prot="public" static="no" mutable="no">
        <type>int</type>
        <definition>int ftdi_context::usb_read_timeout</definition>
        <argsstring></argsstring>
        <name>usb_read_timeout</name>
        <briefdescription>
        </briefdescription>
        <detaileddescription>
<para>usb read timeout </para>        </detaileddescription>
        <inbodydescription>
        </inbodydescription>
        <location file="C:/work/libftdi/libftdi/src/ftdi.h" line="230" column="1" bodyfile="C:/work/libftdi/libftdi/src/ftdi.h" bodystart="230" bodyend="-1"/>
        <referencedby refid="group__libftdi_1gacf7b6dcc4de33db2263ce8a421e18bfc" compoundref="ftdi_8c" startline="2200" endline="2212">ftdi_get_latency_timer</referencedby>
        <referencedby refid="group__libftdi_1ga21e2ed53cad4fa8242022afe1e12d2ee" compoundref="ftdi_8c" startline="88" endline="122">ftdi_init</referencedby>
        <referencedby refid="group__libftdi_1ga396c3bf1435fb3317755868e28c47414" compoundref="ftdi_8c" startline="2254" endline="2267">ftdi_poll_modem_status</referencedby>
        <referencedby refid="group__libftdi_1gab978a76c2cc0dbfbc1fd6350db848300" compoundref="ftdi_8c" startline="4417" endline="4439">ftdi_read_chipid</referencedby>
        <referencedby refid="group__libftdi_1ga72d87e30015c98bd0be22e7c8c873345" compoundref="ftdi_8c" startline="1914" endline="2026">ftdi_read_data</referencedby>
        <referencedby refid="group__libftdi_1gac157786fdf2e9c6b51dd9b4ddbb34d5f" compoundref="ftdi_8c" startline="4358" endline="4388">ftdi_read_eeprom</referencedby>
        <referencedby refid="group__libftdi_1ga650df1dc49ec78f0ee58b1c4f2644fd9" compoundref="ftdi_8c" startline="4334" endline="4347">ftdi_read_eeprom_location</referencedby>
        <referencedby refid="group__libftdi_1gab823dd90f2359612b1546ef0ceebdc0e" compoundref="ftdi_8c" startline="2147" endline="2156">ftdi_read_pins</referencedby>
      </memberdef>
      <memberdef kind="variable" id="structftdi__context_1ae98125557fc25c90953053a9992767cb" prot="public" static="no" mutable="no">
        <type>int</type>
        <definition>int ftdi_context::usb_write_timeout</definition>
        <argsstring></argsstring>
        <name>usb_write_timeout</name>
        <briefdescription>
        </briefdescription>
        <detaileddescription>
<para>usb write timeout </para>        </detaileddescription>
        <inbodydescription>
        </inbodydescription>
        <location file="C:/work/libftdi/libftdi/src/ftdi.h" line="232" column="1" bodyfile="C:/work/libftdi/libftdi/src/ftdi.h" bodystart="232" bodyend="-1"/>
        <referencedby refid="group__libftdi_1ga42b4776b91c6b14d2d1008b160b78efa" compoundref="ftdi_8c" startline="2124" endline="2134">ftdi_disable_bitbang</referencedby>
        <referencedby refid="group__libftdi_1ga25eb9a83a925065b6c3b61b8f0565951" compoundref="ftdi_8c" startline="4566" endline="4619">ftdi_erase_eeprom</referencedby>
        <referencedby refid="group__libftdi_1ga21e2ed53cad4fa8242022afe1e12d2ee" compoundref="ftdi_8c" startline="88" endline="122">ftdi_init</referencedby>
        <referencedby refid="group__libftdi_1ga83b41e900a1faf2ecc0546ce48ec7e70" compoundref="ftdi_8c" startline="2098" endline="2113">ftdi_set_bitmode</referencedby>
        <referencedby refid="group__libftdi_1gaeb9510a61f6648eb1bd57f0f99a390e1" compoundref="ftdi_8c" startline="2456" endline="2472">ftdi_set_error_char</referencedby>
        <referencedby refid="group__libftdi_1ga71eeabe2ee5474d5c0ceddc2e08766cd" compoundref="ftdi_8c" startline="2427" endline="2443">ftdi_set_event_char</referencedby>
        <referencedby refid="group__libftdi_1ga3e0227b0c7aa859d2d2afb5ffa4c8466" compoundref="ftdi_8c" startline="2173" endline="2188">ftdi_set_latency_timer</referencedby>
        <referencedby refid="group__libftdi_1ga481d055a35dd9042c1c23e2214d2655c" compoundref="ftdi_8c" startline="1420" endline="1477">ftdi_set_line_property2</referencedby>
        <referencedby refid="group__libftdi_1ga47761f16762363288c55f5fff24620d5" compoundref="ftdi_8c" startline="2330" endline="2348">ftdi_setdtr</referencedby>
        <referencedby refid="group__libftdi_1ga5a8f23c2e77c8b58c1f44a11e2f52aa9" compoundref="ftdi_8c" startline="2391" endline="2414">ftdi_setdtr_rts</referencedby>
        <referencedby refid="group__libftdi_1gac3b3d2cc69edf567e653340f434c91e0" compoundref="ftdi_8c" startline="2282" endline="2293">ftdi_setflowctrl</referencedby>
        <referencedby refid="group__libftdi_1gadb73a6a59c454502fb98a1239814bfb2" compoundref="ftdi_8c" startline="2306" endline="2318">ftdi_setflowctrl_xonxoff</referencedby>
        <referencedby refid="group__libftdi_1ga5713ba73288b3e1ac1d45096c917c1ab" compoundref="ftdi_8c" startline="2360" endline="2378">ftdi_setrts</referencedby>
        <referencedby refid="group__libftdi_1ga25a6d4766e30bd47602ed0c0ecf53476" compoundref="ftdi_8c" startline="1026" endline="1041">ftdi_usb_purge_rx_buffer</referencedby>
        <referencedby refid="group__libftdi_1ga1eab1dfd17068c46775a86496fee8bec" compoundref="ftdi_8c" startline="1052" endline="1063">ftdi_usb_purge_tx_buffer</referencedby>
        <referencedby refid="group__libftdi_1ga266ccc351ea31289022063a8ae29edf4" compoundref="ftdi_8c" startline="1000" endline="1015">ftdi_usb_reset</referencedby>
        <referencedby refid="group__libftdi_1ga01199788c36ba93352f155a79ea295e8" compoundref="ftdi_8c" startline="1490" endline="1512">ftdi_write_data</referencedby>
        <referencedby refid="group__libftdi_1ga8cc9811660d1adfb4b30157c5ab26d5a" compoundref="ftdi_8c" startline="4511" endline="4549">ftdi_write_eeprom</referencedby>
        <referencedby refid="group__libftdi_1ga5f2f678fc05cb8f92708fb1e5eb75100" compoundref="ftdi_8c" startline="4455" endline="4499">ftdi_write_eeprom_location</referencedby>
      </memberdef>
      <memberdef kind="variable" id="structftdi__context_1a2e565f92e6a559d75cf4828ed46d0109" prot="public" static="no" mutable="no">
        <type>enum <ref refid="ftdi_8h_1a026dc3f26fbc7f5ef67c75f0739385ce" kindref="member">ftdi_chip_type</ref></type>
        <definition>enum ftdi_chip_type ftdi_context::type</definition>
        <argsstring></argsstring>
        <name>type</name>
        <briefdescription>
        </briefdescription>
        <detaileddescription>
<para>FTDI chip type </para>        </detaileddescription>
        <inbodydescription>
        </inbodydescription>
        <location file="C:/work/libftdi/libftdi/src/ftdi.h" line="232" column="1" bodyfile="C:/work/libftdi/libftdi/src/ftdi.h" bodystart="236" bodyend="-1"/>
        <referencedby refid="group__libftdi_1gaccf7f39923b4a9bbc626cca9f7ac40b1" compoundref="ftdi_8c" startline="2817" endline="3395">ftdi_eeprom_build</referencedby>
        <referencedby refid="group__libftdi_1gac91c95ae42ec1ba885dc54f39709c072" compoundref="ftdi_8c" startline="3445" endline="3863">ftdi_eeprom_decode</referencedby>
        <referencedby refid="group__libftdi_1ga0b04717765deb6706482a3f3124c0b4a" compoundref="ftdi_8c" startline="2486" endline="2632">ftdi_eeprom_initdefaults</referencedby>
        <referencedby refid="group__libftdi_1ga25eb9a83a925065b6c3b61b8f0565951" compoundref="ftdi_8c" startline="4566" endline="4619">ftdi_erase_eeprom</referencedby>
        <referencedby refid="group__libftdi_1ga21e2ed53cad4fa8242022afe1e12d2ee" compoundref="ftdi_8c" startline="88" endline="122">ftdi_init</referencedby>
        <referencedby refid="group__libftdi_1gac157786fdf2e9c6b51dd9b4ddbb34d5f" compoundref="ftdi_8c" startline="4358" endline="4388">ftdi_read_eeprom</referencedby>
        <referencedby refid="ftdi__stream_8c_1abffdbbc8e303b2e4e85551734682a0b4" compoundref="ftdi__stream_8c" startline="150" endline="301">ftdi_readstream</referencedby>
        <referencedby refid="group__libftdi_1ga8cc9811660d1adfb4b30157c5ab26d5a" compoundref="ftdi_8c" startline="4511" endline="4549">ftdi_write_eeprom</referencedby>
        <referencedby refid="group__libftdi_1ga5f2f678fc05cb8f92708fb1e5eb75100" compoundref="ftdi_8c" startline="4455" endline="4499">ftdi_write_eeprom_location</referencedby>
      </memberdef>
      <memberdef kind="variable" id="structftdi__context_1aa688eb2312af3a9fb6b56a8c59178e34" prot="public" static="no" mutable="no">
        <type>int</type>
        <definition>int ftdi_context::baudrate</definition>
        <argsstring></argsstring>
        <name>baudrate</name>
        <briefdescription>
        </briefdescription>
        <detaileddescription>
<para>baudrate </para>        </detaileddescription>
        <inbodydescription>
        </inbodydescription>
        <location file="C:/work/libftdi/libftdi/src/ftdi.h" line="238" column="1" bodyfile="C:/work/libftdi/libftdi/src/ftdi.h" bodystart="238" bodyend="-1"/>
        <referencedby refid="group__libftdi_1ga21e2ed53cad4fa8242022afe1e12d2ee" compoundref="ftdi_8c" startline="88" endline="122">ftdi_init</referencedby>
      </memberdef>
      <memberdef kind="variable" id="structftdi__context_1a164c17ee7bddaa0d76da8da7138f602f" prot="public" static="no" mutable="no">
        <type>unsigned char</type>
        <definition>unsigned char ftdi_context::bitbang_enabled</definition>
        <argsstring></argsstring>
        <name>bitbang_enabled</name>
        <briefdescription>
        </briefdescription>
        <detaileddescription>
<para>bitbang mode state </para>        </detaileddescription>
        <inbodydescription>
        </inbodydescription>
        <location file="C:/work/libftdi/libftdi/src/ftdi.h" line="240" column="1" bodyfile="C:/work/libftdi/libftdi/src/ftdi.h" bodystart="240" bodyend="-1"/>
        <referencedby refid="group__libftdi_1ga42b4776b91c6b14d2d1008b160b78efa" compoundref="ftdi_8c" startline="2124" endline="2134">ftdi_disable_bitbang</referencedby>
        <referencedby refid="group__libftdi_1ga21e2ed53cad4fa8242022afe1e12d2ee" compoundref="ftdi_8c" startline="88" endline="122">ftdi_init</referencedby>
        <referencedby refid="group__libftdi_1gae80f1dc38f5c80946a56ec34a329e7f5" compoundref="ftdi_8c" startline="1355" endline="1386">ftdi_set_baudrate</referencedby>
        <referencedby refid="group__libftdi_1ga83b41e900a1faf2ecc0546ce48ec7e70" compoundref="ftdi_8c" startline="2098" endline="2113">ftdi_set_bitmode</referencedby>
      </memberdef>
      <memberdef kind="variable" id="structftdi__context_1a891754b08145eee8669598ab28c985a4" prot="public" static="no" mutable="no">
        <type>unsigned char *</type>
        <definition>unsigned char* ftdi_context::readbuffer</definition>
        <argsstring></argsstring>
        <name>readbuffer</name>
        <briefdescription>
        </briefdescription>
        <detaileddescription>
<para>pointer to read buffer for ftdi_read_data </para>        </detaileddescription>
        <inbodydescription>
        </inbodydescription>
        <location file="C:/work/libftdi/libftdi/src/ftdi.h" line="242" column="1" bodyfile="C:/work/libftdi/libftdi/src/ftdi.h" bodystart="242" bodyend="-1"/>
        <referencedby refid="group__libftdi_1ga21e2ed53cad4fa8242022afe1e12d2ee" compoundref="ftdi_8c" startline="88" endline="122">ftdi_init</referencedby>
        <referencedby refid="group__libftdi_1ga72d87e30015c98bd0be22e7c8c873345" compoundref="ftdi_8c" startline="1914" endline="2026">ftdi_read_data</referencedby>
        <referencedby refid="group__libftdi_1ga65783703baf0828d519ef597bb2855c1" compoundref="ftdi_8c" startline="2040" endline="2066">ftdi_read_data_set_chunksize</referencedby>
        <referencedby refid="group__libftdi_1gab4dd69a3332c544dfdcbf4da85bd8801" compoundref="ftdi_8c" startline="1712" endline="1778">ftdi_read_data_submit</referencedby>
      </memberdef>
      <memberdef kind="variable" id="structftdi__context_1aca6046c8ee0175acf84334afab5a3392" prot="public" static="no" mutable="no">
        <type>unsigned int</type>
        <definition>unsigned int ftdi_context::readbuffer_offset</definition>
        <argsstring></argsstring>
        <name>readbuffer_offset</name>
        <briefdescription>
        </briefdescription>
        <detaileddescription>
<para>read buffer offset </para>        </detaileddescription>
        <inbodydescription>
        </inbodydescription>
        <location file="C:/work/libftdi/libftdi/src/ftdi.h" line="244" column="1" bodyfile="C:/work/libftdi/libftdi/src/ftdi.h" bodystart="244" bodyend="-1"/>
        <referencedby refid="group__libftdi_1ga21e2ed53cad4fa8242022afe1e12d2ee" compoundref="ftdi_8c" startline="88" endline="122">ftdi_init</referencedby>
        <referencedby refid="group__libftdi_1ga72d87e30015c98bd0be22e7c8c873345" compoundref="ftdi_8c" startline="1914" endline="2026">ftdi_read_data</referencedby>
        <referencedby refid="group__libftdi_1ga65783703baf0828d519ef597bb2855c1" compoundref="ftdi_8c" startline="2040" endline="2066">ftdi_read_data_set_chunksize</referencedby>
        <referencedby refid="group__libftdi_1gab4dd69a3332c544dfdcbf4da85bd8801" compoundref="ftdi_8c" startline="1712" endline="1778">ftdi_read_data_submit</referencedby>
        <referencedby refid="group__libftdi_1ga25a6d4766e30bd47602ed0c0ecf53476" compoundref="ftdi_8c" startline="1026" endline="1041">ftdi_usb_purge_rx_buffer</referencedby>
        <referencedby refid="group__libftdi_1ga266ccc351ea31289022063a8ae29edf4" compoundref="ftdi_8c" startline="1000" endline="1015">ftdi_usb_reset</referencedby>
      </memberdef>
      <memberdef kind="variable" id="structftdi__context_1aad05935e91af93e8dbe36781217632bf" prot="public" static="no" mutable="no">
        <type>unsigned int</type>
        <definition>unsigned int ftdi_context::readbuffer_remaining</definition>
        <argsstring></argsstring>
        <name>readbuffer_remaining</name>
        <briefdescription>
        </briefdescription>
        <detaileddescription>
<para>number of remaining data in internal read buffer </para>        </detaileddescription>
        <inbodydescription>
        </inbodydescription>
        <location file="C:/work/libftdi/libftdi/src/ftdi.h" line="246" column="1" bodyfile="C:/work/libftdi/libftdi/src/ftdi.h" bodystart="246" bodyend="-1"/>
        <referencedby refid="group__libftdi_1ga21e2ed53cad4fa8242022afe1e12d2ee" compoundref="ftdi_8c" startline="88" endline="122">ftdi_init</referencedby>
        <referencedby refid="group__libftdi_1ga72d87e30015c98bd0be22e7c8c873345" compoundref="ftdi_8c" startline="1914" endline="2026">ftdi_read_data</referencedby>
        <referencedby refid="group__libftdi_1ga65783703baf0828d519ef597bb2855c1" compoundref="ftdi_8c" startline="2040" endline="2066">ftdi_read_data_set_chunksize</referencedby>
        <referencedby refid="group__libftdi_1gab4dd69a3332c544dfdcbf4da85bd8801" compoundref="ftdi_8c" startline="1712" endline="1778">ftdi_read_data_submit</referencedby>
        <referencedby refid="group__libftdi_1ga25a6d4766e30bd47602ed0c0ecf53476" compoundref="ftdi_8c" startline="1026" endline="1041">ftdi_usb_purge_rx_buffer</referencedby>
        <referencedby refid="group__libftdi_1ga266ccc351ea31289022063a8ae29edf4" compoundref="ftdi_8c" startline="1000" endline="1015">ftdi_usb_reset</referencedby>
      </memberdef>
      <memberdef kind="variable" id="structftdi__context_1a8bd3ab7267621b4a8ec3f08ae18b1c00" prot="public" static="no" mutable="no">
        <type>unsigned int</type>
        <definition>unsigned int ftdi_context::readbuffer_chunksize</definition>
        <argsstring></argsstring>
        <name>readbuffer_chunksize</name>
        <briefdescription>
        </briefdescription>
        <detaileddescription>
<para>read buffer chunk size </para>        </detaileddescription>
        <inbodydescription>
        </inbodydescription>
        <location file="C:/work/libftdi/libftdi/src/ftdi.h" line="248" column="1" bodyfile="C:/work/libftdi/libftdi/src/ftdi.h" bodystart="248" bodyend="-1"/>
        <referencedby refid="group__libftdi_1ga72d87e30015c98bd0be22e7c8c873345" compoundref="ftdi_8c" startline="1914" endline="2026">ftdi_read_data</referencedby>
        <referencedby refid="group__libftdi_1gab42b05f26b6a6545ae3ae1b4edc28e5c" compoundref="ftdi_8c" startline="2077" endline="2084">ftdi_read_data_get_chunksize</referencedby>
        <referencedby refid="group__libftdi_1ga65783703baf0828d519ef597bb2855c1" compoundref="ftdi_8c" startline="2040" endline="2066">ftdi_read_data_set_chunksize</referencedby>
        <referencedby refid="group__libftdi_1gab4dd69a3332c544dfdcbf4da85bd8801" compoundref="ftdi_8c" startline="1712" endline="1778">ftdi_read_data_submit</referencedby>
      </memberdef>
      <memberdef kind="variable" id="structftdi__context_1a127d66a8b7602bd767fb01ce90e2a6be" prot="public" static="no" mutable="no">
        <type>unsigned int</type>
        <definition>unsigned int ftdi_context::writebuffer_chunksize</definition>
        <argsstring></argsstring>
        <name>writebuffer_chunksize</name>
        <briefdescription>
        </briefdescription>
        <detaileddescription>
<para>write buffer chunk size </para>        </detaileddescription>
        <inbodydescription>
        </inbodydescription>
        <location file="C:/work/libftdi/libftdi/src/ftdi.h" line="250" column="1" bodyfile="C:/work/libftdi/libftdi/src/ftdi.h" bodystart="250" bodyend="-1"/>
        <referencedby refid="group__libftdi_1ga21e2ed53cad4fa8242022afe1e12d2ee" compoundref="ftdi_8c" startline="88" endline="122">ftdi_init</referencedby>
        <referencedby refid="group__libftdi_1ga01199788c36ba93352f155a79ea295e8" compoundref="ftdi_8c" startline="1490" endline="1512">ftdi_write_data</referencedby>
        <referencedby refid="group__libftdi_1ga5944f14ffd11faa113515ff29dc769ed" compoundref="ftdi_8c" startline="1890" endline="1897">ftdi_write_data_get_chunksize</referencedby>
        <referencedby refid="group__libftdi_1ga85e22717c3315a09219b03a1862c0c46" compoundref="ftdi_8c" startline="1872" endline="1879">ftdi_write_data_set_chunksize</referencedby>
        <referencedby refid="group__libftdi_1ga90c2133a195fc7ebf229205c2755fc67" compoundref="ftdi_8c" startline="1650" endline="1696">ftdi_write_data_submit</referencedby>
      </memberdef>
      <memberdef kind="variable" id="structftdi__context_1a7ca2f7e68cd28e1c3079d029fd6129c0" prot="public" static="no" mutable="no">
        <type>unsigned int</type>
        <definition>unsigned int ftdi_context::max_packet_size</definition>
        <argsstring></argsstring>
        <name>max_packet_size</name>
        <briefdescription>
        </briefdescription>
        <detaileddescription>
<para>maximum packet size. Needed for filtering modem status bytes every n packets. </para>        </detaileddescription>
        <inbodydescription>
        </inbodydescription>
        <location file="C:/work/libftdi/libftdi/src/ftdi.h" line="252" column="1" bodyfile="C:/work/libftdi/libftdi/src/ftdi.h" bodystart="252" bodyend="-1"/>
        <referencedby refid="group__libftdi_1ga21e2ed53cad4fa8242022afe1e12d2ee" compoundref="ftdi_8c" startline="88" endline="122">ftdi_init</referencedby>
        <referencedby refid="group__libftdi_1ga72d87e30015c98bd0be22e7c8c873345" compoundref="ftdi_8c" startline="1914" endline="2026">ftdi_read_data</referencedby>
        <referencedby refid="ftdi__stream_8c_1abffdbbc8e303b2e4e85551734682a0b4" compoundref="ftdi__stream_8c" startline="150" endline="301">ftdi_readstream</referencedby>
      </memberdef>
      <memberdef kind="variable" id="structftdi__context_1ab67b17bd137b3b010544cdc3e6149aa7" prot="public" static="no" mutable="no">
        <type>int</type>
        <definition>int ftdi_context::interface</definition>
        <argsstring></argsstring>
        <name>interface</name>
        <briefdescription>
        </briefdescription>
        <detaileddescription>
<para>FT2232C interface number: 0 or 1 </para>        </detaileddescription>
        <inbodydescription>
        </inbodydescription>
        <location file="C:/work/libftdi/libftdi/src/ftdi.h" line="256" column="1" bodyfile="C:/work/libftdi/libftdi/src/ftdi.h" bodystart="256" bodyend="-1"/>
        <referencedby refid="group__libftdi_1ga6dc886d709eced377a33dc975fa6e771" compoundref="ftdi_8c" startline="158" endline="204">ftdi_set_interface</referencedby>
        <referencedby refid="group__libftdi_1ga9536eff48c7ae9313b2a97320743ee3b" compoundref="ftdi_8c" startline="1104" endline="1118">ftdi_usb_close</referencedby>
        <referencedby refid="group__libftdi_1ga07d90df83e677ad08fe551de17fd7a41" compoundref="ftdi_8c" startline="586" endline="693">ftdi_usb_open_dev</referencedby>
      </memberdef>
      <memberdef kind="variable" id="structftdi__context_1aa38ced8c782ed6844895cd4d685def64" prot="public" static="no" mutable="no">
        <type>int</type>
        <definition>int ftdi_context::index</definition>
        <argsstring></argsstring>
        <name>index</name>
        <briefdescription>
        </briefdescription>
        <detaileddescription>
<para>FT2232C index number: 1 or 2 </para>        </detaileddescription>
        <inbodydescription>
        </inbodydescription>
        <location file="C:/work/libftdi/libftdi/src/ftdi.h" line="258" column="1" bodyfile="C:/work/libftdi/libftdi/src/ftdi.h" bodystart="258" bodyend="-1"/>
        <referencedby refid="group__libftdi_1ga42b4776b91c6b14d2d1008b160b78efa" compoundref="ftdi_8c" startline="2124" endline="2134">ftdi_disable_bitbang</referencedby>
        <referencedby refid="group__libftdi_1gacf7b6dcc4de33db2263ce8a421e18bfc" compoundref="ftdi_8c" startline="2200" endline="2212">ftdi_get_latency_timer</referencedby>
        <referencedby refid="group__libftdi_1ga396c3bf1435fb3317755868e28c47414" compoundref="ftdi_8c" startline="2254" endline="2267">ftdi_poll_modem_status</referencedby>
        <referencedby refid="group__libftdi_1gab823dd90f2359612b1546ef0ceebdc0e" compoundref="ftdi_8c" startline="2147" endline="2156">ftdi_read_pins</referencedby>
        <referencedby refid="group__libftdi_1ga83b41e900a1faf2ecc0546ce48ec7e70" compoundref="ftdi_8c" startline="2098" endline="2113">ftdi_set_bitmode</referencedby>
        <referencedby refid="group__libftdi_1gaeb9510a61f6648eb1bd57f0f99a390e1" compoundref="ftdi_8c" startline="2456" endline="2472">ftdi_set_error_char</referencedby>
        <referencedby refid="group__libftdi_1ga71eeabe2ee5474d5c0ceddc2e08766cd" compoundref="ftdi_8c" startline="2427" endline="2443">ftdi_set_event_char</referencedby>
        <referencedby refid="group__libftdi_1ga6dc886d709eced377a33dc975fa6e771" compoundref="ftdi_8c" startline="158" endline="204">ftdi_set_interface</referencedby>
        <referencedby refid="group__libftdi_1ga3e0227b0c7aa859d2d2afb5ffa4c8466" compoundref="ftdi_8c" startline="2173" endline="2188">ftdi_set_latency_timer</referencedby>
        <referencedby refid="group__libftdi_1ga481d055a35dd9042c1c23e2214d2655c" compoundref="ftdi_8c" startline="1420" endline="1477">ftdi_set_line_property2</referencedby>
        <referencedby refid="group__libftdi_1ga47761f16762363288c55f5fff24620d5" compoundref="ftdi_8c" startline="2330" endline="2348">ftdi_setdtr</referencedby>
        <referencedby refid="group__libftdi_1ga5a8f23c2e77c8b58c1f44a11e2f52aa9" compoundref="ftdi_8c" startline="2391" endline="2414">ftdi_setdtr_rts</referencedby>
        <referencedby refid="group__libftdi_1gac3b3d2cc69edf567e653340f434c91e0" compoundref="ftdi_8c" startline="2282" endline="2293">ftdi_setflowctrl</referencedby>
        <referencedby refid="group__libftdi_1gadb73a6a59c454502fb98a1239814bfb2" compoundref="ftdi_8c" startline="2306" endline="2318">ftdi_setflowctrl_xonxoff</referencedby>
        <referencedby refid="group__libftdi_1ga5713ba73288b3e1ac1d45096c917c1ab" compoundref="ftdi_8c" startline="2360" endline="2378">ftdi_setrts</referencedby>
        <referencedby refid="group__libftdi_1ga25a6d4766e30bd47602ed0c0ecf53476" compoundref="ftdi_8c" startline="1026" endline="1041">ftdi_usb_purge_rx_buffer</referencedby>
        <referencedby refid="group__libftdi_1ga1eab1dfd17068c46775a86496fee8bec" compoundref="ftdi_8c" startline="1052" endline="1063">ftdi_usb_purge_tx_buffer</referencedby>
        <referencedby refid="group__libftdi_1ga266ccc351ea31289022063a8ae29edf4" compoundref="ftdi_8c" startline="1000" endline="1015">ftdi_usb_reset</referencedby>
      </memberdef>
      <memberdef kind="variable" id="structftdi__context_1a9b6cfd3763a3ca80c76bc52c89dad968" prot="public" static="no" mutable="no">
        <type>int</type>
        <definition>int ftdi_context::in_ep</definition>
        <argsstring></argsstring>
        <name>in_ep</name>
        <briefdescription>
        </briefdescription>
        <detaileddescription>
<para>FT2232C end points: 1 or 2 </para>        </detaileddescription>
        <inbodydescription>
        </inbodydescription>
        <location file="C:/work/libftdi/libftdi/src/ftdi.h" line="261" column="1" bodyfile="C:/work/libftdi/libftdi/src/ftdi.h" bodystart="261" bodyend="-1"/>
        <referencedby refid="group__libftdi_1ga6dc886d709eced377a33dc975fa6e771" compoundref="ftdi_8c" startline="158" endline="204">ftdi_set_interface</referencedby>
        <referencedby refid="group__libftdi_1ga01199788c36ba93352f155a79ea295e8" compoundref="ftdi_8c" startline="1490" endline="1512">ftdi_write_data</referencedby>
        <referencedby refid="group__libftdi_1ga90c2133a195fc7ebf229205c2755fc67" compoundref="ftdi_8c" startline="1650" endline="1696">ftdi_write_data_submit</referencedby>
      </memberdef>
      <memberdef kind="variable" id="structftdi__context_1a079427d8f2c09102bcadb9118e60c0ec" prot="public" static="no" mutable="no">
        <type>int</type>
        <definition>int ftdi_context::out_ep</definition>
        <argsstring></argsstring>
        <name>out_ep</name>
        <briefdescription>
        </briefdescription>
        <detaileddescription>
        </detaileddescription>
        <inbodydescription>
        </inbodydescription>
        <location file="C:/work/libftdi/libftdi/src/ftdi.h" line="262" column="1" bodyfile="C:/work/libftdi/libftdi/src/ftdi.h" bodystart="262" bodyend="-1"/>
        <referencedby refid="group__libftdi_1ga72d87e30015c98bd0be22e7c8c873345" compoundref="ftdi_8c" startline="1914" endline="2026">ftdi_read_data</referencedby>
        <referencedby refid="group__libftdi_1gab4dd69a3332c544dfdcbf4da85bd8801" compoundref="ftdi_8c" startline="1712" endline="1778">ftdi_read_data_submit</referencedby>
        <referencedby refid="ftdi__stream_8c_1abffdbbc8e303b2e4e85551734682a0b4" compoundref="ftdi__stream_8c" startline="150" endline="301">ftdi_readstream</referencedby>
        <referencedby refid="group__libftdi_1ga6dc886d709eced377a33dc975fa6e771" compoundref="ftdi_8c" startline="158" endline="204">ftdi_set_interface</referencedby>
      </memberdef>
      <memberdef kind="variable" id="structftdi__context_1a017557435f4377c2353d9d3b7fbcff01" prot="public" static="no" mutable="no">
        <type>unsigned char</type>
        <definition>unsigned char ftdi_context::bitbang_mode</definition>
        <argsstring></argsstring>
        <name>bitbang_mode</name>
        <briefdescription>
        </briefdescription>
        <detaileddescription>
<para>Bitbang mode. 1: (default) Normal bitbang mode, 2: FT2232C SPI bitbang mode </para>        </detaileddescription>
        <inbodydescription>
        </inbodydescription>
        <location file="C:/work/libftdi/libftdi/src/ftdi.h" line="265" column="1" bodyfile="C:/work/libftdi/libftdi/src/ftdi.h" bodystart="265" bodyend="-1"/>
        <referencedby refid="group__libftdi_1ga21e2ed53cad4fa8242022afe1e12d2ee" compoundref="ftdi_8c" startline="88" endline="122">ftdi_init</referencedby>
        <referencedby refid="group__libftdi_1ga83b41e900a1faf2ecc0546ce48ec7e70" compoundref="ftdi_8c" startline="2098" endline="2113">ftdi_set_bitmode</referencedby>
      </memberdef>
      <memberdef kind="variable" id="structftdi__context_1a0389f5e2d92fcba8d7ae5beffbf33a1b" prot="public" static="no" mutable="no">
        <type>struct <ref refid="structftdi__eeprom" kindref="compound">ftdi_eeprom</ref> *</type>
        <definition>struct ftdi_eeprom* ftdi_context::eeprom</definition>
        <argsstring></argsstring>
        <name>eeprom</name>
        <briefdescription>
        </briefdescription>
        <detaileddescription>
<para>Decoded eeprom structure </para>        </detaileddescription>
        <inbodydescription>
        </inbodydescription>
        <location file="C:/work/libftdi/libftdi/src/ftdi.h" line="268" column="1" bodyfile="C:/work/libftdi/libftdi/src/ftdi.h" bodystart="268" bodyend="-1"/>
        <referencedby refid="group__libftdi_1gaccf7f39923b4a9bbc626cca9f7ac40b1" compoundref="ftdi_8c" startline="2817" endline="3395">ftdi_eeprom_build</referencedby>
        <referencedby refid="group__libftdi_1gac91c95ae42ec1ba885dc54f39709c072" compoundref="ftdi_8c" startline="3445" endline="3863">ftdi_eeprom_decode</referencedby>
        <referencedby refid="group__libftdi_1gaefc3d12f7421030c63ad77b9af1d4a83" compoundref="ftdi_8c" startline="2700" endline="2736">ftdi_eeprom_get_strings</referencedby>
        <referencedby refid="group__libftdi_1ga0b04717765deb6706482a3f3124c0b4a" compoundref="ftdi_8c" startline="2486" endline="2632">ftdi_eeprom_initdefaults</referencedby>
        <referencedby refid="group__libftdi_1ga9a8f94ad689a47dc3aa24c564d7731d3" compoundref="ftdi_8c" startline="2634" endline="2680">ftdi_eeprom_set_strings</referencedby>
        <referencedby refid="group__libftdi_1ga25eb9a83a925065b6c3b61b8f0565951" compoundref="ftdi_8c" startline="4566" endline="4619">ftdi_erase_eeprom</referencedby>
        <referencedby refid="group__libftdi_1ga92a449af4a1becc70e80e49f3c937bbd" compoundref="ftdi_8c" startline="4264" endline="4279">ftdi_get_eeprom_buf</referencedby>
        <referencedby refid="group__libftdi_1ga6213209895e40153d103a72654d53b81" compoundref="ftdi_8c" startline="3875" endline="4054">ftdi_get_eeprom_value</referencedby>
        <referencedby refid="group__libftdi_1ga21e2ed53cad4fa8242022afe1e12d2ee" compoundref="ftdi_8c" startline="88" endline="122">ftdi_init</referencedby>
        <referencedby refid="group__libftdi_1gac157786fdf2e9c6b51dd9b4ddbb34d5f" compoundref="ftdi_8c" startline="4358" endline="4388">ftdi_read_eeprom</referencedby>
        <referencedby refid="group__libftdi_1gaad29bea74f6ae02ed757d2a39c060969" compoundref="ftdi_8c" startline="4290" endline="4302">ftdi_set_eeprom_buf</referencedby>
        <referencedby refid="group__libftdi_1ga1af4ea94a0cbe4d4b6364675eee0b4ef" compoundref="ftdi_8c" startline="4313" endline="4321">ftdi_set_eeprom_user_data</referencedby>
        <referencedby refid="group__libftdi_1ga8e120f60f65859c1976c2dba99e9d002" compoundref="ftdi_8c" startline="4068" endline="4252">ftdi_set_eeprom_value</referencedby>
        <referencedby refid="group__libftdi_1ga8cc9811660d1adfb4b30157c5ab26d5a" compoundref="ftdi_8c" startline="4511" endline="4549">ftdi_write_eeprom</referencedby>
      </memberdef>
      <memberdef kind="variable" id="structftdi__context_1a8d4f5d3fcfa12718b2a0fca702ccec06" prot="public" static="no" mutable="no">
        <type>const char *</type>
        <definition>const char* ftdi_context::error_str</definition>
        <argsstring></argsstring>
        <name>error_str</name>
        <briefdescription>
        </briefdescription>
        <detaileddescription>
<para>String representation of last error </para>        </detaileddescription>
        <inbodydescription>
        </inbodydescription>
        <location file="C:/work/libftdi/libftdi/src/ftdi.h" line="271" column="1" bodyfile="C:/work/libftdi/libftdi/src/ftdi.h" bodystart="271" bodyend="-1"/>
        <referencedby refid="group__libftdi_1ga59bd8b3e806348db5e96f582e0fe10b8" compoundref="ftdi_8c" startline="4628" endline="4634">ftdi_get_error_string</referencedby>
        <referencedby refid="group__libftdi_1ga21e2ed53cad4fa8242022afe1e12d2ee" compoundref="ftdi_8c" startline="88" endline="122">ftdi_init</referencedby>
      </memberdef>
      <memberdef kind="variable" id="structftdi__context_1a06072f2484298ae90fcffe450a133250" prot="public" static="no" mutable="no">
        <type>enum <ref refid="ftdi_8h_1adb5c9021fa85791df4a0b9dac671109a" kindref="member">ftdi_module_detach_mode</ref></type>
        <definition>enum ftdi_module_detach_mode ftdi_context::module_detach_mode</definition>
        <argsstring></argsstring>
        <name>module_detach_mode</name>
        <briefdescription>
        </briefdescription>
        <detaileddescription>
<para>Defines behavior in case a kernel module is already attached to the device </para>        </detaileddescription>
        <inbodydescription>
        </inbodydescription>
        <location file="C:/work/libftdi/libftdi/src/ftdi.h" line="271" column="1" bodyfile="C:/work/libftdi/libftdi/src/ftdi.h" bodystart="274" bodyend="-1"/>
        <referencedby refid="group__libftdi_1ga21e2ed53cad4fa8242022afe1e12d2ee" compoundref="ftdi_8c" startline="88" endline="122">ftdi_init</referencedby>
        <referencedby refid="group__libftdi_1ga07d90df83e677ad08fe551de17fd7a41" compoundref="ftdi_8c" startline="586" endline="693">ftdi_usb_open_dev</referencedby>
      </memberdef>
      </sectiondef>
    <briefdescription>
<para>Main context structure for all libftdi functions. </para>    </briefdescription>
    <detaileddescription>
<para>Do not access directly if possible. </para>    </detaileddescription>
    <collaborationgraph>
      <node id="5">
        <label>ftdi_context</label>
        <link refid="structftdi__context"/>
        <childnode refid="6" relation="usage">
          <edgelabel>eeprom</edgelabel>
        </childnode>
      </node>
      <node id="6">
        <label>ftdi_eeprom</label>
        <link refid="structftdi__eeprom"/>
      </node>
    </collaborationgraph>
    <location file="C:/work/libftdi/libftdi/src/ftdi.h" line="223" column="1" bodyfile="C:/work/libftdi/libftdi/src/ftdi.h" bodystart="222" bodyend="275"/>
    <listofallmembers>
      <member refid="structftdi__context_1aa688eb2312af3a9fb6b56a8c59178e34" prot="public" virt="non-virtual"><scope>ftdi_context</scope><name>baudrate</name></member>
      <member refid="structftdi__context_1a164c17ee7bddaa0d76da8da7138f602f" prot="public" virt="non-virtual"><scope>ftdi_context</scope><name>bitbang_enabled</name></member>
      <member refid="structftdi__context_1a017557435f4377c2353d9d3b7fbcff01" prot="public" virt="non-virtual"><scope>ftdi_context</scope><name>bitbang_mode</name></member>
      <member refid="structftdi__context_1a0389f5e2d92fcba8d7ae5beffbf33a1b" prot="public" virt="non-virtual"><scope>ftdi_context</scope><name>eeprom</name></member>
      <member refid="structftdi__context_1a8d4f5d3fcfa12718b2a0fca702ccec06" prot="public" virt="non-virtual"><scope>ftdi_context</scope><name>error_str</name></member>
      <member refid="structftdi__context_1a9b6cfd3763a3ca80c76bc52c89dad968" prot="public" virt="non-virtual"><scope>ftdi_context</scope><name>in_ep</name></member>
      <member refid="structftdi__context_1aa38ced8c782ed6844895cd4d685def64" prot="public" virt="non-virtual"><scope>ftdi_context</scope><name>index</name></member>
      <member refid="structftdi__context_1ab67b17bd137b3b010544cdc3e6149aa7" prot="public" virt="non-virtual"><scope>ftdi_context</scope><name>interface</name></member>
      <member refid="structftdi__context_1a7ca2f7e68cd28e1c3079d029fd6129c0" prot="public" virt="non-virtual"><scope>ftdi_context</scope><name>max_packet_size</name></member>
      <member refid="structftdi__context_1a06072f2484298ae90fcffe450a133250" prot="public" virt="non-virtual"><scope>ftdi_context</scope><name>module_detach_mode</name></member>
      <member refid="structftdi__context_1a079427d8f2c09102bcadb9118e60c0ec" prot="public" virt="non-virtual"><scope>ftdi_context</scope><name>out_ep</name></member>
      <member refid="structftdi__context_1a891754b08145eee8669598ab28c985a4" prot="public" virt="non-virtual"><scope>ftdi_context</scope><name>readbuffer</name></member>
      <member refid="structftdi__context_1a8bd3ab7267621b4a8ec3f08ae18b1c00" prot="public" virt="non-virtual"><scope>ftdi_context</scope><name>readbuffer_chunksize</name></member>
      <member refid="structftdi__context_1aca6046c8ee0175acf84334afab5a3392" prot="public" virt="non-virtual"><scope>ftdi_context</scope><name>readbuffer_offset</name></member>
      <member refid="structftdi__context_1aad05935e91af93e8dbe36781217632bf" prot="public" virt="non-virtual"><scope>ftdi_context</scope><name>readbuffer_remaining</name></member>
      <member refid="structftdi__context_1a2e565f92e6a559d75cf4828ed46d0109" prot="public" virt="non-virtual"><scope>ftdi_context</scope><name>type</name></member>
      <member refid="structftdi__context_1a05bd064e6608ee91b641eff379455e9f" prot="public" virt="non-virtual"><scope>ftdi_context</scope><name>usb_ctx</name></member>
      <member refid="structftdi__context_1a1ea9e9fd3211a568779022befc0b3af8" prot="public" virt="non-virtual"><scope>ftdi_context</scope><name>usb_dev</name></member>
      <member refid="structftdi__context_1afa159483bb1153259ee7ceb3b45a2c9f" prot="public" virt="non-virtual"><scope>ftdi_context</scope><name>usb_read_timeout</name></member>
      <member refid="structftdi__context_1ae98125557fc25c90953053a9992767cb" prot="public" virt="non-virtual"><scope>ftdi_context</scope><name>usb_write_timeout</name></member>
      <member refid="structftdi__context_1a127d66a8b7602bd767fb01ce90e2a6be" prot="public" virt="non-virtual"><scope>ftdi_context</scope><name>writebuffer_chunksize</name></member>
    </listofallmembers>
  </compounddef>
</doxygen>
